{"User01":{"x":3.0899999141693115,"y":0.050000011920928955,"z":0}}